method,succ_cnt,succ_rate,avg_tok,avg_iter_patch,avg_delta_ndcg,avg_delta_mrr,avg_delta_cos
ggpp,83,0.83,5.0,1.8433734939759037,0.7223790417168992,0.69854475702821,0.014711876213550537
DE_fixed_stop,66,0.66,5.0,563.6363636363636,0.6459009715008751,0.5968780903615433,-0.026662920117378218
DE_fixed,60,0.6,5.0,800.0,0.5852778895784012,0.5336752979789986,-0.021139850020408617
DE_seq_stop,57,0.57,1.5964912280701755,1011.2280701754386,0.5968444483005263,0.5318780903615433,-0.05191200375556946
DE_seq,51,0.51,2.156862745098039,668.2352941176471,0.526715817707321,0.46536040553640406,-0.04071801662445068
random,34,0.34,5.0,54.411764705882355,0.33590097150087517,0.2842865590465065,-0.017302110791206353
none,5,0.05,0.0,0.0,-0.04319861434668842,-0.06477519160269642,0.0
