loss,success_rate,avg_iters,avg_delta_rank,avg_delta_cos
cos,0.0,4350.0,77.1,0.07801915407180786
hinge,0.3,3570.0,89.7,0.032267069816589354
