method,succ_cnt,succ_rate,avg_tok,avg_iter_patch,avg_delta_ndcg,avg_delta_mrr,avg_delta_cos
ggpp,22,0.22,5.0,3.590909090909091,0.3019670459040534,0.2634358274847451,0.03794691324234008
DE_seq_stop,15,0.15,2.6666666666666665,3516.0,0.1475,0.1478224339538407,-0.004968512654304504
DE_fixed_stop,13,0.13,5.0,1900.0,0.2436280609599864,0.19388123048437256,0.0032369288802146902
DE_seq,7,0.07,3.5714285714285716,1440.0,0.0675,0.06900436808653876,-0.00416315346956253
DE_fixed,3,0.03,5.0,800.0,0.10003554018747679,0.07738626902177645,-0.0011001792550087003
random,1,0.01,5.0,24.0,0.059188566546918064,0.03355841621747607,-0.004942685365676883
none,0,0.0,5.0,0.0,0.0,0.0,0.0
