method,succ_cnt,succ_rate,avg_tok,avg_iter_patch,avg_delta_ndcg,avg_delta_mrr,avg_delta_cos
DE_seq_stop,55,0.55,2.4727272727272727,3197.4545454545455,0.15694002396130202,0.05535890326285089,-0.03255670577287673
ggpp,50,0.5,5.0,3.06,0.15285158839344015,0.06808981759142567,0.008082912862300857
DE_fixed_stop,41,0.41,5.0,1273.1707317073171,0.11568327970675174,0.04699146267711282,-0.02957646816968917
DE_seq,30,0.3,2.5,794.6666666666666,0.08397790959092985,0.02742806303682518,-0.014666817784309383
DE_fixed,20,0.2,5.0,800.0,0.054076540707206674,0.023087199263477038,-0.037320998609066
random,7,0.07,5.0,49.42857142857143,0.01866227099433,0.010352792668323212,-0.021634059548377986
none,0,0.0,5.0,0.0,0.0,1.0530195335123859e-08,0.0
