method,succ_cnt,succ_rate,avg_tok,avg_iter_patch,avg_delta_ndcg,avg_delta_mrr,avg_delta_cos
DE_seq_stop,47,0.47,2.723404255319149,3997.446808510638,0.17754706038080229,0.09137168151110922,-0.016707555055618283
ggpp,36,0.36,5.0,3.25,0.19089122412978324,0.11898055928684327,0.04433572739362716
DE_fixed_stop,33,0.33,5.0,1545.4545454545455,0.1628748884526901,0.08329215582584966,-0.004037978351116176
DE_seq,22,0.22,2.227272727272727,705.4545454545455,0.08951154767261835,0.050645999288633184,-0.012526517808437342
DE_fixed,16,0.16,5.0,800.0,0.08660809361858593,0.04900642841797243,0.004467657804489127
random,6,0.06,5.0,19.5,0.03489127601138689,0.019962340807372244,0.0007174891233444128
none,0,0.0,5.0,0.0,0.0,3.4863477160937923e-08,0.0
