method,succ_cnt,succ_rate,avg_tok,avg_iter_patch,avg_delta_ndcg,avg_delta_mrr,avg_delta_cos
ggpp,54,0.54,5.0,3.2222222222222223,0.17108138833774628,0.08171458659275384,0.027744430303573587
DE_seq_stop,49,0.49,2.122448979591837,2425.3061224489797,0.1446084338236585,0.05683913252508042,-0.011653565764427188
DE_fixed_stop,37,0.37,5.0,1221.6216216216217,0.12356656769619485,0.07093721463560883,-0.005656459480524067
DE_seq,29,0.29,2.0344827586206895,591.7241379310345,0.10131481878682184,0.05402205522833023,-0.01023705720901489
DE_fixed,18,0.18,5.0,766.6666666666666,0.06833191433625731,0.04883198544879612,-0.022374954819679257
random,11,0.11,5.0,34.18181818181818,0.03302658835623753,0.019302534706019163,-0.00531242787837983
none,1,0.01,0.0,0.0,0.0,1.23046331865803e-08,0.0
