method,succ_cnt,succ_rate,avg_tok,avg_iter_patch,avg_delta_ndcg,avg_delta_mrr,avg_delta_cos
DE_seq_stop,100,1.0,1.2,377.8,0.40225620130562534,0.3067817005090497,-0.053747761845588674
ggpp,100,1.0,5.0,1.69,0.5530926938580503,0.5062817005090497,0.013628560900688142
DE_fixed_stop,97,0.97,5.0,338.1443298969072,0.42255222674199233,0.3443701465659801,-0.02817942380905151
DE_seq,96,0.96,1.3958333333333333,301.875,0.386841185554707,0.29984112081785225,-0.05419152915477752
DE_fixed,92,0.92,5.0,669.5652173913044,0.3990806464075913,0.3290111521207444,-0.028096340894699087
random,76,0.76,5.0,25.07894736842105,0.22963192999979054,0.1573834218600538,-0.00950947374105454
none,35,0.35,0.0,0.0,-0.05974501659188304,-0.09322452678481302,0.0
