method,succ_cnt,succ_rate,avg_tok,avg_iter_patch,avg_delta_ndcg,avg_delta_mrr,avg_delta_cos
ggpp,11,0.11,5.0,3.5454545454545454,0.037607546472443396,0.02207272326187112,0.013857263326644866
DE_seq_stop,9,0.09,2.2222222222222223,2591.1111111111113,0.022286898909232838,0.010800332892548297,0.001370859742164609
DE_fixed_stop,8,0.08,5.0,1025.0,0.030856147235957577,0.015309188051146849,0.016620138883590672
DE_seq,7,0.07,2.857142857142857,1037.142857142857,0.01430347656967003,0.006499448104821406,0.001799707114696501
DE_fixed,5,0.05,5.0,780.0,0.016197398831079055,0.009008973036246452,0.015952951610088327
random,3,0.03,5.0,7.666666666666667,0.013631160137587901,0.007723430313246851,0.01262976974248883
none,1,0.01,0.0,0.0,0.0,0.0,0.0
