method,succ_cnt,succ_rate,avg_tok,avg_iter_patch,avg_delta_ndcg,avg_delta_mrr,avg_delta_cos
DE_seq_stop,18,0.1836734693877551,2.7777777777777777,3690.0,0.18135030358472498,0.1814352508878229,0.021085558193070546
ggpp,12,0.12244897959183673,5.0,3.5,0.20284266739771964,0.16769914293580648,0.1108485980301487
DE_fixed_stop,12,0.12244897959183673,5.0,2041.6666666666667,0.23694419598313515,0.18343964972166338,0.09008677790359573
DE_seq,8,0.08163265306122448,2.75,880.0,0.07930948725819437,0.08080278064168292,0.01656789439065116
DE_fixed,1,0.01020408163265306,5.0,800.0,0.10151822422243852,0.0661065285257826,0.09200182952442947
random,1,0.01020408163265306,5.0,7.0,0.048952574426033284,0.030883612162656334,0.08344523456631875
none,0,0.0,5.0,0.0,0.0,0.0,0.0
