method,succ_cnt,succ_rate,avg_tok,avg_iter_patch,avg_delta_ndcg,avg_delta_mrr,avg_delta_cos
DE_seq_stop,63,0.6428571428571429,2.365079365079365,2988.253968253968,0.18340253788007377,0.06861546598513896,0.07286750114693932
DE_fixed_stop,53,0.5408163265306123,5.0,1316.9811320754718,0.1604371832240636,0.06810254492393801,0.09541186690330504
ggpp,40,0.40816326530612246,5.0,2.5,0.14441881768961903,0.0811611489473616,0.126371865673941
DE_seq,36,0.3673469387755102,2.3055555555555554,727.7777777777778,0.09848145010594143,0.03142061485112482,0.04973791935005967
DE_fixed,30,0.30612244897959184,5.0,800.0,0.09465185124345721,0.045487109884625045,0.09552476448672158
random,23,0.23469387755102042,5.0,44.17391304347826,0.06463721170929378,0.026223721729118892,0.09098173951616091
none,1,0.01020408163265306,0.0,0.0,0.0,0.0,0.0
