loss,success_rate,avg_iters,avg_delta_rank,avg_delta_cos
cos,0.02,4624.0,60.67,0.057663790583610534
hinge,0.31,3466.0,80.94,-0.02027713418006897
