method,succ_cnt,succ_rate,avg_tok,avg_iter_patch,avg_delta_ndcg,avg_delta_mrr,avg_delta_cos
DE_seq_stop,12,0.12631578947368421,3.0833333333333335,4521.666666666667,0.11274668603875906,0.11354844749156436,-0.0027592276272020806
ggpp,10,0.10526315789473684,5.0,2.9,0.20089857803304673,0.1581662836473478,0.007730738426509646
DE_fixed_stop,6,0.06315789473684211,5.0,2216.6666666666665,0.1471854742809447,0.10842695795518392,-0.018735849543621654
DE_seq,3,0.031578947368421054,2.3333333333333335,740.0,0.018009843933495917,0.019936204146730464,-0.0025249531394556934
DE_fixed,1,0.010526315789473684,5.0,800.0,0.07406414015139073,0.04138918235168231,-0.0132690595953088
none,1,0.010526315789473684,0.0,0.0,0.0,0.0,0.0
random,1,0.010526315789473684,5.0,3.0,0.029352707803998644,0.01684634625948029,-0.010196508231915919
