method,succ_cnt,succ_rate,avg_tok,avg_iter_patch,avg_delta_ndcg,avg_delta_mrr,avg_delta_cos
ggpp,37,0.37,5.0,3.324324324324324,0.17242328152029326,0.0884374425434643,0.04836360722780226
DE_seq_stop,31,0.31,2.2580645161290325,2399.3548387096776,0.10188852177586652,0.04698249428634523,-0.013752339184284208
DE_fixed_stop,22,0.22,5.0,1068.1818181818182,0.12496590579093199,0.07291297505679527,0.006531377434730529
DE_seq,19,0.19,2.473684210526316,835.7894736842105,0.06287363341280655,0.030655140526030054,-0.005752416253089905
DE_fixed,15,0.15,5.0,780.0,0.06435370047522647,0.04153261993792394,0.004545611739158629
random,6,0.06,5.0,40.5,0.02432640481031746,0.014411823566517682,-0.009986115694046026
none,1,0.01,0.0,0.0,0.0,0.0,0.0
