method,succ_cnt,succ_rate,avg_tok,avg_iter_patch,avg_delta_ndcg,avg_delta_mrr,avg_delta_cos
ggpp,25,0.25,5.0,3.68,0.3550891724765779,0.31032441699874563,0.05801260143518446
DE_seq_stop,17,0.17,2.7058823529411766,3712.9411764705883,0.16768621786840243,0.16828960659143483,-0.006615871191024777
DE_fixed_stop,11,0.11,5.0,1563.6363636363637,0.2192770578125006,0.18017353397398442,0.01003200560808181
DE_seq,9,0.09,2.4444444444444446,728.8888888888889,0.0876862178684024,0.08892226862721347,-0.002571768164634702
DE_fixed,4,0.04,5.0,800.0,0.10856502173586105,0.08596313530287251,0.0032588541507720895
random,1,0.01,5.0,24.0,0.04095698541344785,0.027360939980180493,0.00989973992109298
none,0,0.0,5.0,0.0,0.0,0.0,0.0
