loss,success_rate,avg_iters,avg_delta_rank,avg_delta_cos
cos,0.07,4346.0,77.63,0.06335452198982239
hinge,0.29,3499.0,88.25,0.020819687843322755
