loss,success_rate,avg_iters,avg_delta_rank,avg_delta_cos
cos,0.01,4425.0,59.04,0.06860291421413421
hinge,0.26,3615.0,76.26,-0.027314212322235108
