method,succ_cnt,succ_rate,avg_tok,avg_iter_patch,avg_delta_ndcg,avg_delta_mrr,avg_delta_cos
ggpp,42,0.42,5.0,3.4285714285714284,0.19638549450022785,0.10138672541491366,0.03966410309076308
DE_seq_stop,41,0.41,2.1219512195121952,2436.5853658536585,0.142621610506955,0.06973816117125951,-0.014076784849166865
DE_fixed_stop,30,0.3,5.0,1546.6666666666667,0.13464512894354091,0.07036059571355406,-0.0021545371413230945
DE_seq,22,0.22,2.409090909090909,770.9090909090909,0.08320421023062265,0.04731449173676089,-0.004185689687728878
DE_fixed,17,0.17,5.0,800.0,0.06966233849197655,0.0408070299517803,-0.013673485219478603
random,8,0.08,5.0,54.5,0.04139651252482939,0.02105188220013817,-0.020858830809593193
none,0,0.0,5.0,0.0,0.0,1.1371539721765234e-06,0.0
