method,succ_cnt,succ_rate,avg_tok,avg_iter_patch,avg_delta_ndcg,avg_delta_mrr,avg_delta_cos
DE_seq_stop,4,0.04,3.25,7120.0,0.03,0.02962091606923784,-0.001783581078052521
DE_fixed_stop,3,0.03,5.0,3200.0,0.046410046920039985,0.03617472225267757,0.009902971684932682
DE_fixed,1,0.01,5.0,300.0,0.016216086221925642,0.008042295388486788,0.009164585471153229
DE_seq,1,0.01,1.0,40.0,0.0,0.0,1.1791586875915001e-05
ggpp,1,0.01,5.0,1.0,0.0523895727432013,0.022013743652941335,0.016402014493942244
none,1,0.01,0.0,0.0,0.0,0.0,0.0
random,1,0.01,5.0,1.0,0.005113307773622985,0.0017936856119857778,0.0159614288806915
