method,succ_cnt,succ_rate,avg_tok,avg_iter_patch,avg_delta_ndcg,avg_delta_mrr,avg_delta_cos
DE_fixed_stop,100,1.0,5.0,361.0,0.554896201841284,0.49425290041977304,-0.016291590929031367
ggpp,100,1.0,5.0,1.65,0.6068285460339446,0.5625862337531065,0.015996733903884855
DE_seq_stop,100,1.0,1.32,496.2,0.47350973300275184,0.3859195670864397,-0.04809169620275497
DE_seq,97,0.97,1.6185567010309279,413.4020618556701,0.4278164985834858,0.33513061245133124,-0.04949638277292251
DE_fixed,97,0.97,5.0,695.8762886597938,0.5198962018412839,0.45767969169703165,-0.02761361181735992
random,71,0.71,5.0,19.859154929577464,0.2619759050990822,0.20081010870092228,-0.02766658902168273
none,39,0.39,0.0,0.0,0.008215014872476827,-0.031081671030281196,0.0
