method,succ_cnt,succ_rate,avg_tok,avg_iter_patch,avg_delta_ndcg,avg_delta_mrr,avg_delta_cos
ggpp,45,0.45,5.0,3.2,0.22982917875033326,0.13847438766888673,0.043818649351596815
DE_seq_stop,40,0.4,2.1,2240.5,0.14783591466269524,0.07300427091061207,-0.01706611901521682
DE_fixed_stop,29,0.29,5.0,1127.5862068965516,0.13501312129267623,0.07541501181841209,0.0036486020684242198
DE_seq,25,0.25,2.88,998.4,0.08880307692769648,0.04179520810135789,-0.011353074312210084
DE_fixed,20,0.2,5.0,800.0,0.07833080553539774,0.04272702863493566,-0.0017135986685752908
random,11,0.11,5.0,60.36363636363637,0.04385756633789641,0.026438922893540502,0.010086730122566223
none,0,0.0,5.0,0.0,0.0,1.7348233750033365e-07,0.0
