method,succ_cnt,succ_rate,avg_tok,avg_iter_patch,avg_delta_ndcg,avg_delta_mrr,avg_delta_cos
ggpp,14,0.14,5.0,3.5,0.2473861188358936,0.19301644560329237,0.06077447682619092
DE_seq_stop,12,0.12,2.5833333333333335,3961.6666666666665,0.12,0.11929605341616581,-0.002492237091064451
DE_fixed_stop,4,0.04,5.0,3750.0,0.12664855502880543,0.09124059137084553,0.02069671094417571
DE_seq,2,0.02,4.5,2000.0,0.02,0.019909308387683806,0.00034835577011108304
DE_fixed,1,0.01,5.0,800.0,0.06108457575912151,0.035261635730438,0.023413647413253774
none,0,0.0,5.0,0.0,0.0,1.1801916631260563e-08,0.0
random,0,0.0,5.0,0.0,0.0172156316406021,0.00924148385704015,0.004979625940322877
