method,succ_cnt,succ_rate,avg_tok,avg_iter_patch,avg_delta_ndcg,avg_delta_mrr,avg_delta_cos
ggpp,51,0.51,5.0,3.2941176470588234,0.15282364761717818,0.06689637666305874,0.039373159408569315
DE_seq_stop,48,0.48,2.5208333333333335,3453.3333333333335,0.13564329313971676,0.047262063578415774,-0.02498557269573211
DE_fixed_stop,35,0.35,5.0,1085.7142857142858,0.10440622833858866,0.04730225883076496,-0.019340399205684655
DE_seq,27,0.27,2.962962962962963,1090.3703703703704,0.07721202141570781,0.0267737675771887,-0.01727754592895507
DE_fixed,21,0.21,5.0,800.0,0.060362864251138924,0.027467537685993627,-0.025783798247575755
random,6,0.06,5.0,53.333333333333336,0.016269628837148567,0.009546099927328428,-0.012036519646644586
none,0,0.0,5.0,0.0,0.0,1.0907432979280139e-08,0.0
