method,succ_cnt,succ_rate,avg_tok,avg_iter_patch,avg_delta_ndcg,avg_delta_mrr,avg_delta_cos
ggpp,51,0.51,5.0,3.4313725490196076,0.22504851092132047,0.13154670990146453,0.04108610212802885
DE_seq_stop,42,0.42,2.261904761904762,2701.904761904762,0.1696975527021905,0.09809559861255679,-0.019143897593021385
DE_fixed_stop,32,0.32,5.0,943.75,0.15851899165640035,0.08354373475193447,-0.0031587344408035263
DE_seq,27,0.27,2.6296296296296298,920.0,0.10349136207494272,0.0553779850251834,-0.014428106844425198
DE_fixed,20,0.2,5.0,800.0,0.09709305090095655,0.05194493648247734,0.010439550280570985
random,9,0.09,5.0,58.77777777777778,0.04066400238195904,0.020851254804587653,-0.003108041882514952
none,1,0.01,0.0,0.0,0.0,1.4731390151719123e-07,0.0
