method,succ_cnt,succ_rate,avg_tok,avg_iter_patch,avg_delta_ndcg,avg_delta_mrr,avg_delta_cos
ggpp,49,0.49,5.0,3.0,0.15562597571494902,0.07447334292374692,0.02963669657707212
DE_seq_stop,47,0.47,2.0851063829787235,2240.851063829787,0.12949917608223202,0.04132497610530006,-0.023399184048175807
DE_fixed_stop,35,0.35,5.0,940.0,0.10472581236963546,0.04934923524030405,-0.0035801723599433906
DE_seq,30,0.3,2.3666666666666667,768.0,0.07862049507806597,0.021212008579463374,-0.016765015125274653
DE_fixed,23,0.23,5.0,800.0,0.07075921542693135,0.0334996031548532,-0.01826866388320922
random,9,0.09,5.0,39.888888888888886,0.024022548975812557,0.011519780332330974,-0.017237692475318908
none,0,0.0,5.0,0.0,0.0,1.4189227538451144e-08,0.0
