loss,success_rate,avg_iters,avg_delta_rank,avg_delta_cos
cos,0.02,4274.0,63.92,0.042245447039604186
hinge,0.23,3743.0,86.99,-0.009195502400398254
