method,succ_cnt,succ_rate,avg_tok,avg_iter_patch,avg_delta_ndcg,avg_delta_mrr,avg_delta_cos
DE_seq_stop,51,0.5151515151515151,2.764705882352941,3335.6862745098038,0.18140094405203935,0.09284032679352114,0.03964114219251305
DE_fixed_stop,41,0.41414141414141414,5.0,992.6829268292682,0.1757909499636477,0.09835523958329451,0.05950191586908667
DE_seq,32,0.32323232323232326,2.8125,1016.25,0.11207327590746237,0.059124068700104004,0.02543339645019685
ggpp,29,0.29292929292929293,5.0,2.8275862068965516,0.1396644708564123,0.0895512485118667,0.08441503330914661
DE_fixed,27,0.2727272727272727,5.0,800.0,0.1080493737950271,0.06433267477390653,0.06203204875040535
random,10,0.10101010101010101,5.0,38.8,0.03901317243719893,0.01801259343545554,0.05319374859935105
none,2,0.020202020202020204,0.0,0.0,0.0,0.0,0.0
