method,succ_cnt,succ_rate,avg_tok,avg_iter_patch,avg_delta_ndcg,avg_delta_mrr,avg_delta_cos
ggpp,19,0.19,5.0,4.0,0.2957806181463643,0.2509859248267011,0.06688234269618987
DE_seq_stop,12,0.12,3.4166666666666665,5900.0,0.11569323441926606,0.11716795875089189,0.00193276435136795
DE_fixed_stop,8,0.08,5.0,2237.5,0.1835636393468466,0.13988060206900774,0.015181821584701528
DE_seq,2,0.02,2.5,880.0,0.01569323441926607,0.017488399071925755,0.000323522090911865
DE_fixed,2,0.02,5.0,800.0,0.060627191071017224,0.043015425290348075,0.015429276227951046
random,1,0.01,5.0,13.0,0.021558482494325775,0.01850636799782026,0.0008859264850616459
none,0,0.0,5.0,0.0,0.0,0.0,0.0
