method,succ_cnt,succ_rate,avg_tok,avg_iter_patch,avg_delta_ndcg,avg_delta_mrr,avg_delta_cos
ggpp,20,0.2,5.0,3.8,0.3024116068988027,0.24981687680486156,0.05569941878318785
DE_seq_stop,18,0.18,3.0555555555555554,4486.666666666667,0.1706804025076456,0.1729531878782499,0.002276277542114262
DE_fixed_stop,12,0.12,5.0,2050.0,0.22065139292413977,0.17577642886958814,0.015568755865097046
DE_seq,6,0.06,2.6666666666666665,876.6666666666666,0.05068040250764561,0.053343563513503486,-0.00035587787628173906
DE_fixed,3,0.03,5.0,800.0,0.07229156698843586,0.052611127181269195,0.011137560904026027
random,2,0.02,5.0,74.0,0.03415772284121806,0.02592018624427201,-0.004358371496200563
none,0,0.0,5.0,0.0,0.0,1.751988506955467e-08,0.0
